IFREE,12
IFREE,13
IFREE,14
IFREE,15
IFREE,16
IFREE,17
IFREE,18
IFREE,19
IFREE,20
IFREE,21
IFREE,22
IFREE,23
IFREE,24
IFREE,25
IFREE,26
IFREE,27
IFREE,28
IFREE,29
IFREE,30
IFREE,31
IFREE,32
IFREE,33
IFREE,34
IFREE,35
IFREE,36
IFREE,37
IFREE,38
IFREE,39
IFREE,40
IFREE,41
IFREE,42
IFREE,43
IFREE,44
IFREE,45
IFREE,46
IFREE,47
IFREE,48
IFREE,49
IFREE,50
IFREE,51
IFREE,52
IFREE,53
IFREE,54
IFREE,55
IFREE,56
IFREE,57
IFREE,58
IFREE,59
IFREE,60
IFREE,61
IFREE,62
IFREE,63
IFREE,64
IFREE,65
IFREE,66
IFREE,67
IFREE,68
IFREE,69
IFREE,70
IFREE,71
IFREE,72
IFREE,73
IFREE,74
IFREE,75
IFREE,76
IFREE,77
IFREE,78
IFREE,79
IFREE,80
IFREE,81
IFREE,82
IFREE,83
IFREE,84
IFREE,85
IFREE,86
IFREE,87
IFREE,88
IFREE,89
IFREE,90
IFREE,91
IFREE,92
IFREE,93
IFREE,94
IFREE,95
IFREE,96
IFREE,97
IFREE,98
IFREE,99
IFREE,100
IFREE,101
IFREE,102
IFREE,103
IFREE,104
IFREE,105
IFREE,106
IFREE,107
IFREE,108
IFREE,109
IFREE,110
IFREE,111
IFREE,112
IFREE,113
IFREE,114
IFREE,115
IFREE,116
IFREE,117
IFREE,118
IFREE,119
IFREE,120
IFREE,121
IFREE,122
IFREE,123
IFREE,124
IFREE,125
IFREE,126
IFREE,127
IFREE,128
IFREE,129
IFREE,130
IFREE,131
IFREE,132
IFREE,133
IFREE,134
IFREE,135
IFREE,136
IFREE,137
IFREE,138
IFREE,139
IFREE,140
IFREE,141
IFREE,142
IFREE,143
IFREE,144
IFREE,145
IFREE,146
IFREE,147
IFREE,148
IFREE,149
IFREE,150
IFREE,151
IFREE,152
IFREE,153
IFREE,154
IFREE,155
IFREE,156
IFREE,157
IFREE,158
IFREE,159
IFREE,160
IFREE,161
IFREE,162
IFREE,163
IFREE,164
IFREE,165
IFREE,166
IFREE,167
IFREE,168
IFREE,169
IFREE,170
IFREE,171
IFREE,172
IFREE,173
IFREE,174
IFREE,175
IFREE,176
IFREE,177
IFREE,178
IFREE,179
IFREE,180
IFREE,181
IFREE,182
IFREE,183
IFREE,184
IFREE,185
IFREE,186
IFREE,187
IFREE,188
IFREE,189
IFREE,190
IFREE,191
IFREE,192
IFREE,193
IFREE,194
IFREE,195
IFREE,196
IFREE,197
IFREE,198
IFREE,199
IFREE,200
IFREE,201
IFREE,202
IFREE,203
IFREE,204
IFREE,205
IFREE,206
IFREE,207
IFREE,208
IFREE,209
IFREE,210
IFREE,211
IFREE,212
IFREE,213
IFREE,214
IFREE,215
IFREE,216
IFREE,217
IFREE,218
IFREE,219
IFREE,220
IFREE,221
IFREE,222
IFREE,223
IFREE,224
IFREE,225
IFREE,226
IFREE,227
IFREE,228
IFREE,229
IFREE,230
IFREE,231
IFREE,232
IFREE,233
IFREE,234
IFREE,235
IFREE,236
IFREE,237
IFREE,238
IFREE,239
IFREE,240
IFREE,241
IFREE,242
IFREE,243
IFREE,244
IFREE,245
IFREE,246
IFREE,247
IFREE,248
IFREE,249
IFREE,250
IFREE,251
IFREE,252
IFREE,253
IFREE,254
IFREE,255
IFREE,256
IFREE,257
IFREE,258
IFREE,259
IFREE,260
IFREE,261
IFREE,262
IFREE,263
IFREE,264
IFREE,265
IFREE,266
IFREE,267
IFREE,268
IFREE,269
IFREE,270
IFREE,271
IFREE,272
IFREE,273
IFREE,274
IFREE,275
IFREE,276
IFREE,277
IFREE,278
IFREE,279
IFREE,280
IFREE,281
IFREE,282
IFREE,283
IFREE,284
IFREE,285
IFREE,286
IFREE,287
IFREE,288
IFREE,289
IFREE,290
IFREE,291
IFREE,292
IFREE,293
IFREE,294
IFREE,295
IFREE,296
IFREE,297
IFREE,298
IFREE,299
IFREE,300
IFREE,301
IFREE,302
IFREE,303
IFREE,304
IFREE,305
IFREE,306
IFREE,307
IFREE,308
IFREE,309
IFREE,310
IFREE,311
IFREE,312
IFREE,313
IFREE,314
IFREE,315
IFREE,316
IFREE,317
IFREE,318
IFREE,319
IFREE,320
IFREE,321
IFREE,322
IFREE,323
IFREE,324
IFREE,325
IFREE,326
IFREE,327
IFREE,328
IFREE,329
IFREE,330
IFREE,331
IFREE,332
IFREE,333
IFREE,334
IFREE,335
IFREE,336
IFREE,337
IFREE,338
IFREE,339
IFREE,340
IFREE,341
IFREE,342
IFREE,343
IFREE,344
IFREE,345
IFREE,346
IFREE,347
IFREE,348
IFREE,349
IFREE,350
IFREE,351
IFREE,352
IFREE,353
IFREE,354
IFREE,355
IFREE,356
IFREE,357
IFREE,358
IFREE,359
IFREE,360
IFREE,361
IFREE,362
IFREE,363
IFREE,364
IFREE,365
IFREE,366
IFREE,367
IFREE,368
IFREE,369
IFREE,370
IFREE,371
IFREE,372
IFREE,373
IFREE,374
IFREE,375
IFREE,376
IFREE,377
IFREE,378
IFREE,379
IFREE,380
IFREE,381
IFREE,382
IFREE,383
IFREE,384
IFREE,385
IFREE,386
IFREE,387
IFREE,388
IFREE,389
IFREE,390
IFREE,391
IFREE,392
IFREE,393
IFREE,394
IFREE,395
IFREE,396
IFREE,397
IFREE,398
IFREE,399
IFREE,400
IFREE,401
IFREE,402
IFREE,403
IFREE,404
IFREE,405
IFREE,406
IFREE,407
IFREE,408
IFREE,409
IFREE,410
IFREE,411
IFREE,412
IFREE,413
IFREE,414
IFREE,415
IFREE,416
IFREE,417
IFREE,418
IFREE,419
IFREE,420
IFREE,421
IFREE,422
IFREE,423
IFREE,424
IFREE,425
IFREE,426
IFREE,427
IFREE,428
IFREE,429
IFREE,430
IFREE,431
IFREE,432
IFREE,433
IFREE,434
IFREE,435
IFREE,436
IFREE,437
IFREE,438
IFREE,439
IFREE,440
IFREE,441
IFREE,442
IFREE,443
IFREE,444
IFREE,445
IFREE,446
IFREE,447
IFREE,448
IFREE,449
IFREE,450
IFREE,451
IFREE,452
IFREE,453
IFREE,454
IFREE,455
IFREE,456
IFREE,457
IFREE,458
IFREE,459
IFREE,460
IFREE,461
IFREE,462
IFREE,463
IFREE,464
IFREE,465
IFREE,466
IFREE,467
IFREE,468
IFREE,469
IFREE,470
IFREE,471
IFREE,472
IFREE,473
IFREE,474
IFREE,475
IFREE,476
IFREE,477
IFREE,478
IFREE,479
IFREE,480
IFREE,481
IFREE,482
IFREE,483
IFREE,484
IFREE,485
IFREE,486
IFREE,487
IFREE,488
IFREE,489
IFREE,490
IFREE,491
IFREE,492
IFREE,493
IFREE,494
IFREE,495
IFREE,496
IFREE,497
IFREE,498
IFREE,499
IFREE,500
IFREE,501
IFREE,502
IFREE,503
IFREE,504
IFREE,505
IFREE,506
IFREE,507
IFREE,508
IFREE,509
IFREE,510
IFREE,511
IFREE,512
IFREE,513
IFREE,514
IFREE,515
IFREE,516
IFREE,517
IFREE,518
IFREE,519
IFREE,520
IFREE,521
IFREE,522
IFREE,523
IFREE,524
IFREE,525
IFREE,526
IFREE,527
IFREE,528
IFREE,529
IFREE,530
IFREE,531
IFREE,532
IFREE,533
IFREE,534
IFREE,535
IFREE,536
IFREE,537
IFREE,538
IFREE,539
IFREE,540
IFREE,541
IFREE,542
IFREE,543
IFREE,544
IFREE,545
IFREE,546
IFREE,547
IFREE,548
IFREE,549
IFREE,550
IFREE,551
IFREE,552
IFREE,553
IFREE,554
IFREE,555
IFREE,556
IFREE,557
IFREE,558
IFREE,559
IFREE,560
IFREE,561
IFREE,562
IFREE,563
IFREE,564
IFREE,565
IFREE,566
IFREE,567
IFREE,568
IFREE,569
IFREE,570
IFREE,571
IFREE,572
IFREE,573
IFREE,574
IFREE,575
IFREE,576
IFREE,577
IFREE,578
IFREE,579
IFREE,580
IFREE,581
IFREE,582
IFREE,583
IFREE,584
IFREE,585
IFREE,586
IFREE,587
IFREE,588
IFREE,589
IFREE,590
IFREE,591
IFREE,592
IFREE,593
IFREE,594
IFREE,595
IFREE,596
IFREE,597
IFREE,598
IFREE,599
IFREE,600
IFREE,601
IFREE,602
IFREE,603
IFREE,604
IFREE,605
IFREE,606
IFREE,607
IFREE,608
IFREE,609
IFREE,610
IFREE,611
IFREE,612
IFREE,613
IFREE,614
IFREE,615
IFREE,616
IFREE,617
IFREE,618
IFREE,619
IFREE,620
IFREE,621
IFREE,622
IFREE,623
IFREE,624
IFREE,625
IFREE,626
IFREE,627
IFREE,628
IFREE,629
IFREE,630
IFREE,631
IFREE,632
IFREE,633
IFREE,634
IFREE,635
IFREE,636
IFREE,637
IFREE,638
IFREE,639
IFREE,640
IFREE,641
IFREE,642
IFREE,643
IFREE,644
IFREE,645
IFREE,646
IFREE,647
IFREE,648
IFREE,649
IFREE,650
IFREE,651
IFREE,652
IFREE,653
IFREE,654
IFREE,655
IFREE,656
IFREE,657
IFREE,658
IFREE,659
IFREE,660
IFREE,661
IFREE,662
IFREE,663
IFREE,664
IFREE,665
IFREE,666
IFREE,667
IFREE,668
IFREE,669
IFREE,670
IFREE,671
IFREE,672
IFREE,673
IFREE,674
IFREE,675
IFREE,676
IFREE,677
IFREE,678
IFREE,679
IFREE,680
IFREE,681
IFREE,682
IFREE,683
IFREE,684
IFREE,685
IFREE,686
IFREE,687
IFREE,688
IFREE,689
IFREE,690
IFREE,691
IFREE,692
IFREE,693
IFREE,694
IFREE,695
IFREE,696
IFREE,697
IFREE,698
IFREE,699
IFREE,700
IFREE,701
IFREE,702
IFREE,703
IFREE,704
IFREE,705
IFREE,706
IFREE,707
IFREE,708
IFREE,709
IFREE,710
IFREE,711
IFREE,712
IFREE,713
IFREE,714
IFREE,715
IFREE,716
IFREE,717
IFREE,718
IFREE,719
IFREE,720
IFREE,721
IFREE,722
IFREE,723
IFREE,724
IFREE,725
IFREE,726
IFREE,727
IFREE,728
IFREE,729
IFREE,730
IFREE,731
IFREE,732
IFREE,733
IFREE,734
IFREE,735
IFREE,736
IFREE,737
IFREE,738
IFREE,739
IFREE,740
IFREE,741
IFREE,742
IFREE,743
IFREE,744
IFREE,745
IFREE,746
IFREE,747
IFREE,748
IFREE,749
IFREE,750
IFREE,751
IFREE,752
IFREE,753
IFREE,754
IFREE,755
IFREE,756
IFREE,757
IFREE,758
IFREE,759
IFREE,760
IFREE,761
IFREE,762
IFREE,763
IFREE,764
IFREE,765
IFREE,766
IFREE,767
IFREE,768
IFREE,769
IFREE,770
IFREE,771
IFREE,772
IFREE,773
IFREE,774
IFREE,775
IFREE,776
IFREE,777
IFREE,778
IFREE,779
IFREE,780
IFREE,781
IFREE,782
IFREE,783
IFREE,784
IFREE,785
IFREE,786
IFREE,787
IFREE,788
IFREE,789
IFREE,790
IFREE,791
IFREE,792
IFREE,793
IFREE,794
IFREE,795
IFREE,796
IFREE,797
IFREE,798
IFREE,799
IFREE,800
IFREE,801
IFREE,802
IFREE,803
IFREE,804
IFREE,805
IFREE,806
IFREE,807
IFREE,808
IFREE,809
IFREE,810
IFREE,811
IFREE,812
IFREE,813
IFREE,814
IFREE,815
IFREE,816
IFREE,817
IFREE,818
IFREE,819
IFREE,820
IFREE,821
IFREE,822
IFREE,823
IFREE,824
IFREE,825
IFREE,826
IFREE,827
IFREE,828
IFREE,829
IFREE,830
IFREE,831
IFREE,832
IFREE,833
IFREE,834
IFREE,835
IFREE,836
IFREE,837
IFREE,838
IFREE,839
IFREE,840
IFREE,841
IFREE,842
IFREE,843
IFREE,844
IFREE,845
IFREE,846
IFREE,847
IFREE,848
IFREE,849
IFREE,850
IFREE,851
IFREE,852
IFREE,853
IFREE,854
IFREE,855
IFREE,856
IFREE,857
IFREE,858
IFREE,859
IFREE,860
IFREE,861
IFREE,862
IFREE,863
IFREE,864
IFREE,865
IFREE,866
IFREE,867
IFREE,868
IFREE,869
IFREE,870
IFREE,871
IFREE,872
IFREE,873
IFREE,874
IFREE,875
IFREE,876
IFREE,877
IFREE,878
IFREE,879
IFREE,880
IFREE,881
IFREE,882
IFREE,883
IFREE,884
IFREE,885
IFREE,886
IFREE,887
IFREE,888
IFREE,889
IFREE,890
IFREE,891
IFREE,892
IFREE,893
IFREE,894
IFREE,895
IFREE,896
IFREE,897
IFREE,898
IFREE,899
IFREE,900
IFREE,901
IFREE,902
IFREE,903
IFREE,904
IFREE,905
IFREE,906
IFREE,907
IFREE,908
IFREE,909
IFREE,910
IFREE,911
IFREE,912
IFREE,913
IFREE,914
IFREE,915
IFREE,916
IFREE,917
IFREE,918
IFREE,919
IFREE,920
IFREE,921
IFREE,922
IFREE,923
IFREE,924
IFREE,925
IFREE,926
IFREE,927
IFREE,928
IFREE,929
IFREE,930
IFREE,931
IFREE,932
IFREE,933
IFREE,934
IFREE,935
IFREE,936
IFREE,937
IFREE,938
IFREE,939
IFREE,940
IFREE,941
IFREE,942
IFREE,943
IFREE,944
IFREE,945
IFREE,946
IFREE,947
IFREE,948
IFREE,949
IFREE,950
IFREE,951
IFREE,952
IFREE,953
IFREE,954
IFREE,955
IFREE,956
IFREE,957
IFREE,958
IFREE,959
IFREE,960
IFREE,961
IFREE,962
IFREE,963
IFREE,964
IFREE,965
IFREE,966
IFREE,967
IFREE,968
IFREE,969
IFREE,970
IFREE,971
IFREE,972
IFREE,973
IFREE,974
IFREE,975
IFREE,976
IFREE,977
IFREE,978
IFREE,979
IFREE,980
IFREE,981
IFREE,982
IFREE,983
IFREE,984
IFREE,985
IFREE,986
IFREE,987
IFREE,988
IFREE,989
IFREE,990
IFREE,991
IFREE,992
IFREE,993
IFREE,994
IFREE,995
IFREE,996
IFREE,997
IFREE,998
IFREE,999
IFREE,1000
