BFREE,143
BFREE,144
BFREE,145
BFREE,146
BFREE,147
BFREE,148
BFREE,149
BFREE,150
BFREE,151
BFREE,152
BFREE,153
BFREE,154
BFREE,155
BFREE,156
BFREE,157
BFREE,158
BFREE,159
BFREE,160
BFREE,161
BFREE,162
BFREE,163
BFREE,164
BFREE,165
BFREE,166
BFREE,167
BFREE,168
BFREE,169
BFREE,170
BFREE,171
BFREE,172
BFREE,173
BFREE,174
BFREE,175
BFREE,176
BFREE,177
BFREE,178
BFREE,179
BFREE,180
BFREE,181
BFREE,182
BFREE,183
BFREE,184
BFREE,185
BFREE,186
BFREE,187
BFREE,188
BFREE,189
BFREE,190
BFREE,191
BFREE,192
BFREE,193
BFREE,194
BFREE,195
BFREE,196
BFREE,197
BFREE,198
BFREE,199
BFREE,200
BFREE,201
BFREE,202
BFREE,203
BFREE,204
BFREE,205
BFREE,206
BFREE,207
BFREE,208
BFREE,209
BFREE,210
BFREE,211
BFREE,212
BFREE,213
BFREE,214
BFREE,215
BFREE,216
BFREE,217
BFREE,218
BFREE,219
BFREE,220
BFREE,221
BFREE,222
BFREE,223
BFREE,224
BFREE,225
BFREE,226
BFREE,227
BFREE,228
BFREE,229
BFREE,230
BFREE,231
BFREE,232
BFREE,233
BFREE,234
BFREE,235
BFREE,236
BFREE,237
BFREE,238
BFREE,239
BFREE,240
BFREE,241
BFREE,242
BFREE,243
BFREE,244
BFREE,245
BFREE,246
BFREE,247
BFREE,248
BFREE,249
BFREE,250
BFREE,251
BFREE,252
BFREE,253
BFREE,254
BFREE,255
BFREE,256
BFREE,257
BFREE,258
BFREE,259
BFREE,260
BFREE,261
BFREE,262
BFREE,263
BFREE,264
BFREE,265
BFREE,266
BFREE,267
BFREE,268
BFREE,269
BFREE,270
BFREE,271
BFREE,272
BFREE,273
BFREE,274
BFREE,275
BFREE,276
BFREE,277
BFREE,278
BFREE,279
BFREE,280
BFREE,281
BFREE,282
BFREE,283
BFREE,284
BFREE,285
BFREE,286
BFREE,287
BFREE,288
BFREE,289
BFREE,290
BFREE,291
BFREE,292
BFREE,293
BFREE,294
BFREE,295
BFREE,296
BFREE,297
BFREE,298
BFREE,299
BFREE,300
BFREE,301
BFREE,302
BFREE,303
BFREE,304
BFREE,305
BFREE,306
BFREE,307
BFREE,308
BFREE,309
BFREE,310
BFREE,311
BFREE,312
BFREE,313
BFREE,314
BFREE,315
BFREE,316
BFREE,317
BFREE,318
BFREE,319
BFREE,320
BFREE,321
BFREE,322
BFREE,323
BFREE,324
BFREE,325
BFREE,326
BFREE,327
BFREE,328
BFREE,329
BFREE,330
BFREE,331
BFREE,332
BFREE,333
BFREE,334
BFREE,335
BFREE,336
BFREE,337
BFREE,338
BFREE,339
BFREE,340
BFREE,341
BFREE,342
BFREE,343
BFREE,344
BFREE,345
BFREE,346
BFREE,347
BFREE,348
BFREE,349
BFREE,350
BFREE,351
BFREE,352
BFREE,353
BFREE,354
BFREE,355
BFREE,356
BFREE,357
BFREE,358
BFREE,359
BFREE,360
BFREE,361
BFREE,362
BFREE,363
BFREE,364
BFREE,365
BFREE,366
BFREE,367
BFREE,368
BFREE,369
BFREE,370
BFREE,371
BFREE,372
BFREE,373
BFREE,374
BFREE,375
BFREE,376
BFREE,377
BFREE,378
BFREE,379
BFREE,380
BFREE,381
BFREE,382
BFREE,383
BFREE,384
BFREE,385
BFREE,386
BFREE,387
BFREE,388
BFREE,389
BFREE,390
BFREE,391
BFREE,392
BFREE,393
BFREE,394
BFREE,395
BFREE,396
BFREE,397
BFREE,398
BFREE,399
BFREE,400
BFREE,401
BFREE,402
BFREE,403
BFREE,404
BFREE,405
BFREE,406
BFREE,407
BFREE,408
BFREE,409
BFREE,410
BFREE,411
BFREE,412
BFREE,413
BFREE,414
BFREE,415
BFREE,416
BFREE,417
BFREE,418
BFREE,419
BFREE,420
BFREE,421
BFREE,422
BFREE,423
BFREE,424
BFREE,425
BFREE,426
BFREE,427
BFREE,428
BFREE,429
BFREE,430
BFREE,431
BFREE,432
BFREE,433
BFREE,434
BFREE,435
BFREE,436
BFREE,437
BFREE,438
BFREE,439
BFREE,440
BFREE,441
BFREE,442
BFREE,443
BFREE,444
BFREE,445
BFREE,446
BFREE,447
BFREE,448
BFREE,449
BFREE,450
BFREE,451
BFREE,452
BFREE,453
BFREE,454
BFREE,455
BFREE,456
BFREE,457
BFREE,458
BFREE,459
BFREE,460
BFREE,461
BFREE,462
BFREE,463
BFREE,464
BFREE,465
BFREE,466
BFREE,467
BFREE,468
BFREE,469
BFREE,470
BFREE,471
BFREE,472
BFREE,473
BFREE,474
BFREE,475
BFREE,476
BFREE,477
BFREE,478
BFREE,479
BFREE,480
BFREE,481
BFREE,482
BFREE,483
BFREE,484
BFREE,485
BFREE,486
BFREE,487
BFREE,488
BFREE,489
BFREE,490
BFREE,491
BFREE,492
BFREE,493
BFREE,494
BFREE,495
BFREE,496
BFREE,497
BFREE,498
BFREE,499
BFREE,500
BFREE,501
BFREE,502
BFREE,503
BFREE,504
BFREE,505
BFREE,506
BFREE,507
BFREE,508
BFREE,509
BFREE,510
BFREE,511
BFREE,512
BFREE,513
BFREE,514
BFREE,515
BFREE,516
BFREE,517
BFREE,518
BFREE,519
BFREE,520
BFREE,521
BFREE,522
BFREE,523
BFREE,524
BFREE,525
BFREE,526
BFREE,527
BFREE,528
BFREE,529
BFREE,530
BFREE,531
BFREE,532
BFREE,533
BFREE,534
BFREE,535
BFREE,536
BFREE,537
BFREE,538
BFREE,539
BFREE,540
BFREE,541
BFREE,542
BFREE,543
BFREE,544
BFREE,545
BFREE,546
BFREE,547
BFREE,548
BFREE,549
BFREE,550
BFREE,551
BFREE,552
BFREE,553
BFREE,554
BFREE,555
BFREE,556
BFREE,557
BFREE,558
BFREE,559
BFREE,560
BFREE,561
BFREE,562
BFREE,563
BFREE,564
BFREE,565
BFREE,566
BFREE,567
BFREE,568
BFREE,569
BFREE,570
BFREE,571
BFREE,572
BFREE,573
BFREE,574
BFREE,575
BFREE,576
BFREE,577
BFREE,578
BFREE,579
BFREE,580
BFREE,581
BFREE,582
BFREE,583
BFREE,584
BFREE,585
BFREE,586
BFREE,587
BFREE,588
BFREE,589
BFREE,590
BFREE,591
BFREE,592
BFREE,593
BFREE,594
BFREE,595
BFREE,596
BFREE,597
BFREE,598
BFREE,599
BFREE,600
BFREE,601
BFREE,602
BFREE,603
BFREE,604
BFREE,605
BFREE,606
BFREE,607
BFREE,608
BFREE,609
BFREE,610
BFREE,611
BFREE,612
BFREE,613
BFREE,614
BFREE,615
BFREE,616
BFREE,617
BFREE,618
BFREE,619
BFREE,620
BFREE,621
BFREE,622
BFREE,623
BFREE,624
BFREE,625
BFREE,626
BFREE,627
BFREE,628
BFREE,629
BFREE,630
BFREE,631
BFREE,632
BFREE,633
BFREE,634
BFREE,635
BFREE,636
BFREE,637
BFREE,638
BFREE,639
BFREE,640
BFREE,641
BFREE,642
BFREE,643
BFREE,644
BFREE,645
BFREE,646
BFREE,647
BFREE,648
BFREE,649
BFREE,650
BFREE,651
BFREE,652
BFREE,653
BFREE,654
BFREE,655
BFREE,656
BFREE,657
BFREE,658
BFREE,659
BFREE,660
BFREE,661
BFREE,662
BFREE,663
BFREE,664
BFREE,665
BFREE,666
BFREE,667
BFREE,668
BFREE,669
BFREE,670
BFREE,671
BFREE,672
BFREE,673
BFREE,674
BFREE,675
BFREE,676
BFREE,677
BFREE,678
BFREE,679
BFREE,680
BFREE,681
BFREE,682
BFREE,683
BFREE,684
BFREE,685
BFREE,686
BFREE,687
BFREE,688
BFREE,689
BFREE,690
BFREE,691
BFREE,692
BFREE,693
BFREE,694
BFREE,695
BFREE,696
BFREE,697
BFREE,698
BFREE,699
BFREE,700
BFREE,701
BFREE,702
BFREE,703
BFREE,704
BFREE,705
BFREE,706
BFREE,707
BFREE,708
BFREE,709
BFREE,710
BFREE,711
BFREE,712
BFREE,713
BFREE,714
BFREE,715
BFREE,716
BFREE,717
BFREE,718
BFREE,719
BFREE,720
BFREE,721
BFREE,722
BFREE,723
BFREE,724
BFREE,725
BFREE,726
BFREE,727
BFREE,728
BFREE,729
BFREE,730
BFREE,731
BFREE,732
BFREE,733
BFREE,734
BFREE,735
BFREE,736
BFREE,737
BFREE,738
BFREE,739
BFREE,740
BFREE,741
BFREE,742
BFREE,743
BFREE,744
BFREE,745
BFREE,746
BFREE,747
BFREE,748
BFREE,749
BFREE,750
BFREE,751
BFREE,752
BFREE,753
BFREE,754
BFREE,755
BFREE,756
BFREE,757
BFREE,758
BFREE,759
BFREE,760
BFREE,761
BFREE,762
BFREE,763
BFREE,764
BFREE,765
BFREE,766
BFREE,767
BFREE,768
BFREE,769
BFREE,770
BFREE,771
BFREE,772
BFREE,773
BFREE,774
BFREE,775
BFREE,776
BFREE,777
BFREE,778
BFREE,779
BFREE,780
BFREE,781
BFREE,782
BFREE,783
BFREE,784
BFREE,785
BFREE,786
BFREE,787
BFREE,788
BFREE,789
BFREE,790
BFREE,791
BFREE,792
BFREE,793
BFREE,794
BFREE,795
BFREE,796
BFREE,797
BFREE,798
BFREE,799
BFREE,800
BFREE,801
BFREE,802
BFREE,803
BFREE,804
BFREE,805
BFREE,806
BFREE,807
BFREE,808
BFREE,809
BFREE,810
BFREE,811
BFREE,812
BFREE,813
BFREE,814
BFREE,815
BFREE,816
BFREE,817
BFREE,818
BFREE,819
BFREE,820
BFREE,821
BFREE,822
BFREE,823
BFREE,824
BFREE,825
BFREE,826
BFREE,827
BFREE,828
BFREE,829
BFREE,830
BFREE,831
BFREE,832
BFREE,833
BFREE,834
BFREE,835
BFREE,836
BFREE,837
BFREE,838
BFREE,839
BFREE,840
BFREE,841
BFREE,842
BFREE,843
BFREE,844
BFREE,845
BFREE,846
BFREE,847
BFREE,848
BFREE,849
BFREE,850
BFREE,851
BFREE,852
BFREE,853
BFREE,854
BFREE,855
BFREE,856
BFREE,857
BFREE,858
BFREE,859
BFREE,860
BFREE,861
BFREE,862
BFREE,863
BFREE,864
BFREE,865
BFREE,866
BFREE,867
BFREE,868
BFREE,869
BFREE,870
BFREE,871
BFREE,872
BFREE,873
BFREE,874
BFREE,875
BFREE,876
BFREE,877
BFREE,878
BFREE,879
BFREE,880
BFREE,881
BFREE,882
BFREE,883
BFREE,884
BFREE,885
BFREE,886
BFREE,887
BFREE,888
BFREE,889
BFREE,890
BFREE,891
BFREE,892
BFREE,893
BFREE,894
BFREE,895
BFREE,896
BFREE,897
BFREE,898
BFREE,899
BFREE,900
BFREE,901
BFREE,902
BFREE,903
BFREE,904
BFREE,905
BFREE,906
BFREE,907
BFREE,908
BFREE,909
BFREE,910
BFREE,911
BFREE,912
BFREE,913
BFREE,914
BFREE,915
BFREE,916
BFREE,917
BFREE,918
BFREE,919
BFREE,920
BFREE,921
BFREE,922
BFREE,923
BFREE,924
BFREE,925
BFREE,926
BFREE,927
BFREE,928
BFREE,929
BFREE,930
BFREE,931
BFREE,932
BFREE,933
BFREE,934
BFREE,935
BFREE,936
BFREE,937
BFREE,938
BFREE,939
BFREE,940
BFREE,941
BFREE,942
BFREE,943
BFREE,944
BFREE,945
BFREE,946
BFREE,947
BFREE,948
BFREE,949
BFREE,950
BFREE,951
BFREE,952
BFREE,953
BFREE,954
BFREE,955
BFREE,956
BFREE,957
BFREE,958
BFREE,959
BFREE,960
BFREE,961
BFREE,962
BFREE,963
BFREE,964
BFREE,965
BFREE,966
BFREE,967
BFREE,968
BFREE,969
BFREE,970
BFREE,971
BFREE,972
BFREE,973
BFREE,974
BFREE,975
BFREE,976
BFREE,977
BFREE,978
BFREE,979
BFREE,980
BFREE,981
BFREE,982
BFREE,983
BFREE,984
BFREE,985
BFREE,986
BFREE,987
BFREE,988
BFREE,989
BFREE,990
BFREE,991
BFREE,992
BFREE,993
BFREE,994
BFREE,995
BFREE,996
BFREE,997
BFREE,998
BFREE,999
BFREE,1000
BFREE,1001
BFREE,1002
BFREE,1003
BFREE,1004
BFREE,1005
BFREE,1006
BFREE,1007
BFREE,1008
BFREE,1009
BFREE,1010
BFREE,1011
BFREE,1012
BFREE,1013
BFREE,1014
BFREE,1015
BFREE,1016
BFREE,1017
BFREE,1018
BFREE,1019
BFREE,1020
BFREE,1021
BFREE,1022
BFREE,1023
